CREATE DATABASE Hospital;

CREATE TABLE Referral (
    ReferralNo INT PRIMARY KEY NOT NULL,
    ReferralDate DATE NOT NULL,
    HealthTargetEligible VARCHAR(10) NOT NULL,
    DoctorNo INT NOT NULL,
    PatientNHI VARCHAR(10) NOT NULL
);

SELECT * FROM Referral
DROP TABLE Referral

INSERT INTO Referral VALUES
    (1,'2015-07-01 00:00:00',N'Yes',1,N'QDX4955'),
    (2,'2015-07-02 00:00:00',N'Yes',2,N'ECP7715'),
    (3,'2015-07-04 00:00:00',N'Yes',3,N'ZIK8925'),
    (4,'2015-07-11 00:00:00',N'Yes',3,N'LTS6784'),
    (5,'2015-07-13 00:00:00',N'Yes',1,N'HGM6173'),
    (6,'2015-07-20 00:00:00',N'No',4,N'CEV6132'),
    (7,'2015-08-03 00:00:00',N'Yes',5,N'PGJ7161'),
    (8,'2015-08-15 00:00:00',N'Yes',2,N'NKX8076'),
    (9,'2015-08-17 00:00:00',N'Yes',6,N'MXC8908'),
    (10,'2015-08-18 00:00:00',N'Yes',2,N'NTQ8299'),
    (11,'2015-09-01 00:00:00',N'Yes',7,N'QNE4372'),
    (12,'2015-09-03 00:00:00',N'Yes',2,N'GIR5104'),
    (13,'2015-09-04 00:00:00',N'Yes',5,N'XKD2272'),
    (14,'2015-09-03 00:00:00',N'Yes',5,N'DVX6602'),
    (15,'2015-09-03 00:00:00',N'Yes',8,N'JIB5920'),
    (16,'2015-09-06 00:00:00',N'Yes',5,N'YCX9278'),
    (17,'2015-09-07 00:00:00',N'Yes',2,N'LMV5416'),
    (18,'2015-09-24 00:00:00',N'Yes',5,N'YBB1095'),
    (19,'2015-10-02 00:00:00',N'Yes',9,N'TBC7855'),
    (20,'2015-10-05 00:00:00',N'Yes',10,N'SXL9274'),
    (21,'2015-10-14 00:00:00',N'Yes',4,N'AUX6004'),
    (22,'2015-10-16 00:00:00',N'Yes',5,N'SEO7156'),
    (23,'2015-10-23 00:00:00',N'Yes',7,N'XUA5670'),
    (24,'2015-10-24 00:00:00',N'Yes',9,N'GMC9989'),
    (25,'2015-11-08 00:00:00',N'Yes',1,N'SHN9256'),
    (26,'2015-11-09 00:00:00',N'Yes',9,N'XSI7349'),
    (27,'2015-11-10 00:00:00',N'Yes',6,N'NHK9888'),
    (28,'2015-11-15 00:00:00',N'Yes',1,N'NCR0550'),
    (29,'2015-11-17 00:00:00',N'Yes',9,N'CNF6489'),
    (30,'2015-11-17 00:00:00',N'Yes',8,N'MSC5721'),
    (31,'2015-11-25 00:00:00',N'Yes',9,N'VWH6907'),
    (32,'2015-12-02 00:00:00',N'Yes',1,N'GOZ3094'),
    (33,'2015-12-05 00:00:00',N'Yes',7,N'CMZ6415'),
    (34,'2015-12-05 00:00:00',N'Yes',6,N'TNH6480'),
    (35,'2015-12-08 00:00:00',N'Yes',9,N'QIJ3412'),
    (36,'2015-12-30 00:00:00',N'Yes',5,N'BAK4481'),
    (37,'2016-01-02 00:00:00',N'Yes',2,N'CBD3031'),
    (38,'2016-01-03 00:00:00',N'Yes',5,N'BBB5629'),
    (39,'2015-12-31 00:00:00',N'Yes',10,N'SYK7786'),
    (40,'2016-01-04 00:00:00',N'Yes',4,N'ODR2838'),
    (41,'2016-01-06 00:00:00',N'Yes',6,N'KDD9523'),
    (42,'2016-01-12 00:00:00',N'Yes',5,N'ASD4088'),
    (43,'2016-01-22 00:00:00',N'Yes',3,N'GIQ8970'),
    (44,'2016-01-24 00:00:00',N'Yes',1,N'GEK5713'),
    (45,'2016-02-02 00:00:00',N'Yes',4,N'TGS0798'),
    (46,'2016-02-01 00:00:00',N'Yes',7,N'CYC0720'),
    (47,'2016-02-05 00:00:00',N'Yes',7,N'SMH8891'),
    (48,'2016-02-07 00:00:00',N'Yes',8,N'FBG1062'),
    (49,'2016-02-14 00:00:00',N'Yes',1,N'XKX1957'),
    (50,'2016-02-20 00:00:00',N'Yes',5,N'AFH7245'),
    (51,'2016-02-24 00:00:00',N'Yes',7,N'TXP4069'),
    (52,'2016-02-21 00:00:00',N'Yes',9,N'MRL3058'),
    (53,'2016-02-24 00:00:00',N'Yes',4,N'FVL8648'),
    (54,'2016-02-26 00:00:00',N'No',1,N'GKY3212'),
    (55,'2016-03-05 00:00:00',N'Yes',7,N'ETV6899'),
    (56,'2016-03-09 00:00:00',N'Yes',3,N'XKD2272'),
    (57,'2016-03-08 00:00:00',N'Yes',6,N'VFY9388'),
    (58,'2016-03-20 00:00:00',N'Yes',5,N'JBK3991'),
    (59,'2016-03-20 00:00:00',N'Yes',5,N'ZYF6173'),
    (60,'2016-03-25 00:00:00',N'Yes',6,N'VSV3481'),
    (61,'2016-03-28 00:00:00',N'Yes',6,N'MHR6896'),
    (62,'2016-03-26 00:00:00',N'Yes',3,N'YDV0095'),
    (63,'2016-03-28 00:00:00',N'Yes',7,N'BDF4913'),
    (64,'2016-03-29 00:00:00',N'Yes',10,N'IWU6403'),
    (65,'2016-04-04 00:00:00',N'Yes',4,N'BVF7686'),
    (66,'2016-04-09 00:00:00',N'Yes',9,N'RIQ9260'),
    (67,'2016-04-12 00:00:00',N'Yes',6,N'MMH2864'),
    (68,'2016-04-16 00:00:00',N'Yes',3,N'RWT4192'),
    (69,'2016-04-18 00:00:00',N'Yes',8,N'CYZ8554'),
    (70,'2016-04-18 00:00:00',N'Yes',7,N'YBS8538'),
    (71,'2016-04-19 00:00:00',N'Yes',7,N'VZQ5362'),
    (72,'2016-04-18 00:00:00',N'Yes',9,N'CST7448'),
    (73,'2016-04-20 00:00:00',N'Yes',9,N'NWM8466'),
    (74,'2016-04-22 00:00:00',N'Yes',10,N'LQI3268'),
    (75,'2016-04-26 00:00:00',N'Yes',7,N'LFV3925'),
    (76,'2016-04-28 00:00:00',N'Yes',6,N'WHU5837'),
    (77,'2016-05-04 00:00:00',N'Yes',9,N'ABR7945'),
    (78,'2016-05-02 00:00:00',N'Yes',3,N'PLL2090'),
    (79,'2016-05-14 00:00:00',N'Yes',3,N'MFO6152'),
    (80,'2016-05-23 00:00:00',N'Yes',8,N'SYK7786'),
    (81,'2016-05-26 00:00:00',N'Yes',10,N'TWT8902'),
    (82,'2016-06-04 00:00:00',N'Yes',9,N'WHL2345'),
    (83,'2016-06-15 00:00:00',N'Yes',5,N'WSU4675'),
    (84,'2016-06-16 00:00:00',N'Yes',8,N'OBR6693'),
    (85,'2016-06-18 00:00:00',N'Yes',7,N'DPB3234'),
    (86,'2016-06-19 00:00:00',N'Yes',2,N'YSN6005'),
    (87,'2016-06-23 00:00:00',N'Yes',5,N'FDM8849'),
    (88,'2016-06-22 00:00:00',N'Yes',9,N'FQI2958'),
    (89,'2016-06-25 00:00:00',N'Yes',7,N'AFC3291'),
    (90,'2016-07-07 00:00:00',N'Yes',2,N'OJC2233'),
    (91,'2016-07-14 00:00:00',N'Yes',10,N'NPF7673'),
    (92,'2016-07-15 00:00:00',N'Yes',7,N'ISJ1177'),
    (93,'2016-07-19 00:00:00',N'Yes',1,N'GDR6737'),
    (94,'2016-07-21 00:00:00',N'Yes',6,N'STU8856'),
    (95,'2016-07-21 00:00:00',N'Yes',3,N'GKY3212'),
    (96,'2016-07-23 00:00:00',N'Yes',9,N'CLZ1078'),
    (97,'2016-07-27 00:00:00',N'Yes',10,N'PZD7227'),
    (98,'2016-08-10 00:00:00',N'Yes',3,N'CCB6831'),
    (99,'2016-08-09 00:00:00',N'Yes',6,N'IXF4149'),
    (100,'2016-08-11 00:00:00',N'Yes',1,N'NIV5772');

CREATE TABLE Doctor (
    DoctorNo INT PRIMARY KEY NOT NULL,
    DoctorType VARCHAR(10) NOT NULL,
    DoctorName VARCHAR(25) NOT NULL
);

SELECT * FROM Doctor

INSERT INTO Doctor VALUES
    (1,N'GP',N'Hilary Trump'),
    (2,N'GP',N'Bill Key'),
    (3,N'GP',N'Donald Clinton'),
    (4,N'Internal',N'Amit Oliver'),
    (5,N'GP',N'Lesley Young'),
    (6,N'GP',N'John English'),
    (7,N'GP',N'Ralph Smith'),
    (8,N'Private',N'Linda Moore'),
    (9,N'GP',N'Michael Scott'),
    (10,N'Internal',N'John Richards');


CREATE TABLE Patient (
    NHI NVARCHAR(10) PRIMARY KEY NOT NULL,
    PatientName VARCHAR(22) NOT NULL,
    DOB DATE NOT NULL,
    Gender VARCHAR(10) NOT NULL
);

SELECT * FROM Patient

INSERT INTO Patient VALUES
    (N'QDX4955',N'Spense Pringuer',N'1972-02-14 00:00:00',N'Male'),
    (N'ECP7715',N'Shirline Van der Kruys',N'1992-12-27 00:00:00',N'Female'),
    (N'ZIK8925',N'Chev Eckels',N'1951-04-19 00:00:00',N'Male'),
    (N'LTS6784',N'Rik Futty',N'1962-04-29 00:00:00',N'Male'),
    (N'HGM6173',N'Emalia Killen',N'1989-10-21 00:00:00',N'Female'),
    (N'CEV6132',N'Rudiger Endean',N'1965-02-13 00:00:00',N'Male'),
    (N'PGJ7161',N'Beverie Robez',N'1968-02-03 00:00:00',N'Female'),
    (N'NKX8076',N'Donall Ricciardo',N'1948-10-21 00:00:00',N'Male'),
    (N'MXC8908',N'Timotheus Laven',N'1975-07-30 00:00:00',N'Male'),
    (N'NTQ8299',N'Aluino Spelling',N'2008-07-16 00:00:00',N'Male'),
    (N'QNE4372',N'Elvera Peasby',N'2005-10-21 00:00:00',N'Female'),
    (N'GIR5104',N'Vitia Goodlake',N'1957-06-13 00:00:00',N'Female'),
    (N'PXKD2272',N'Sally Bargery',N'1980-08-25 00:00:00',N'Female'),
    (N'DVX6602',N'Brig Ovendale',N'2013-04-28 00:00:00',N'Male'),
    (N'JIB5920',N'Syman Badcock',N'1976-04-07 00:00:00',N'Male'),
    (N'YCX9278',N'Eugenie Hugueville',N'2014-05-26 00:00:00',N'Female'),
    (N'LMV5416',N'Scottie Emms',N'1961-02-15 00:00:00',N'Male'),
    (N'YBB1095',N'Carlye Greenhead',N'2016-01-06 00:00:00',N'Female'),
    (N'TBC7855',N'Vina Dimond',N'1967-06-04 00:00:00',N'Female'),
    (N'SXL9274',N'Samson Durbann',N'1967-04-11 00:00:00',N'Male'),
    (N'AUX6004',N'Rosalie Couroy',N'1977-10-05 00:00:00',N'Female'),
    (N'SEO7156',N'Harmony Goodings',N'2003-12-11 00:00:00',N'Other'),
    (N'XUA5670',N'Niki Cousins',N'1984-08-22 00:00:00',N'Male'),
    (N'GMC9989',N'Hank Solan',N'2006-09-13 00:00:00',N'Male'),
    (N'SHN9256',N'Kendra Slayton',N'1952-02-20 00:00:00',N'Female'),
    (N'XSI7349',N'Gloriana Brevetor',N'2010-12-04 00:00:00',N'Female'),
    (N'NHK9888',N'Sheri Corhard',N'2012-12-23 00:00:00',N'Female'),
    (N'NCR0550',N'Zacharia Collishaw',N'2010-05-07 00:00:00',N'Male'),
    (N'CNF6489',N'Hanan Ryde',N'1952-02-12 00:00:00',N'Male'),
    (N'MSC5721',N'Marni Kalisz',N'1963-02-09 00:00:00',N'Female'),
    (N'VWH6907',N'Leona Murtell',N'1965-07-12 00:00:00',N'Female'),
    (N'GOZ3094',N'Andre Wallen',N'1987-06-01 00:00:00',N'Male'),
    (N'CMZ6415',N'Roddy Bonney',N'2008-06-15 00:00:00',N'Male'),
    (N'TNH6480',N'Eyde Flucker',N'2009-09-15 00:00:00',N'Female'),
    (N'QIJ3412',N'Catlee Mackley',N'1972-09-27 00:00:00',N'Female'),
    (N'BAK4481',N'Wandis Clipson',N'2027-12-10 00:00:00',N'Female'),
    (N'CBD3031',N'Fremont Reddan',N'1957-11-22 00:00:00',N'Male'),
    (N'BBB5629',N'Ewell Longmire',N'1949-08-30 00:00:00',N'Male'),
    (N'PSYK7786',N'Gabe Broschke',N'1991-11-25 00:00:00',N'Male'),
    (N'ODR2838',N'Andra Francescuccio',N'1951-04-04 00:00:00',N'Female'),
    (N'KDD9523',N'Menard Prettjohn',N'1965-04-17 00:00:00',N'Male'),
    (N'ASD4088',N'Schuyler Willimot',N'1956-12-05 00:00:00',N'Male'),
    (N'GIQ8970',N'Whitney Lakeland',N'1986-11-10 00:00:00',N'Male'),
    (N'GEK5713',N'Lucias Karlsson',N'2007-10-29 00:00:00',N'Male'),
    (N'TGS0798',N'Simona Gerrets',N'1989-04-29 00:00:00',N'Female'),
    (N'CYC0720',N'Nahum Drewet',N'1962-10-05 00:00:00',N'Male'),
    (N'SMH8891',N'Myrilla Jeandon',N'1968-02-08 00:00:00',N'Female'),
    (N'FBG1062',N'Nancee Circuitt',N'1961-05-09 00:00:00',N'Female'),
    (N'XKX1957',N'Malory Houndesome',N'2004-11-28 00:00:00',N'Female'),
    (N'AFH7245',N'Gar Strawbridge',N'1982-04-14 00:00:00',N'Male'),
    (N'TXP4069',N'Sheffield Hares',N'2005-05-23 00:00:00',N'Male'),
    (N'MRL3058',N'Otho Duinkerk',N'1976-06-01 00:00:00',N'Male'),
    (N'FVL8648',N'Ruby Manklow',N'1976-10-04 00:00:00',N'Male'),
    (N'PGKY3212',N'Davida MacCurlye',N'1965-09-30 00:00:00',N'Female'),
    (N'ETV6899',N'Abba Rusk',N'1961-08-17 00:00:00',N'Male'),
    (N'XKD2272',N'Boigie Eastridge',N'1982-08-01 00:00:00',N'Male'),
    (N'VFY9388',N'Cristobal Guyers',N'1986-04-23 00:00:00',N'Male'),
    (N'JBK3991',N'Marcelia Jeffcoate',N'1985-12-17 00:00:00',N'Female'),
    (N'ZYF6173',N'Almeria Crasford',N'1982-01-11 00:00:00',N'Female'),
    (N'VSV3481',N'Beret Coenraets',N'1957-02-10 00:00:00',N'Female'),
    (N'MHR6896',N'Roderigo Beekmann',N'1977-06-29 00:00:00',N'Male'),
    (N'YDV0095',N'Elicia McCay',N'1948-05-30 00:00:00',N'Female'),
    (N'BDF4913',N'Ingeberg Perring',N'1952-06-11 00:00:00',N'Female'),
    (N'IWU6403',N'Smith McGettigan',N'2004-05-19 00:00:00',N'Male'),
    (N'BVF7686',N'Flin Gleasane',N'2008-09-26 00:00:00',N'Male'),
    (N'RIQ9260',N'Darlene Bangham',N'1990-11-14 00:00:00',N'Female'),
    (N'MMH2864',N'Job Cawood',N'1962-04-03 00:00:00',N'Male'),
    (N'RWT4192',N'Baudoin Burr',N'1981-02-16 00:00:00',N'Male'),
    (N'CYZ8554',N'Casper Ashworth',N'1966-12-10 00:00:00',N'Male'),
    (N'YBS8538',N'Gordy Bellay',N'1970-07-24 00:00:00',N'Male'),
    (N'VZQ5362',N'Claudelle Dignan',N'1980-07-12 00:00:00',N'Female'),
    (N'CST7448',N'Ines Mitroshinov',N'1976-05-22 00:00:00',N'Female'),
    (N'NWM8466',N'Joshuah Perrigo',N'2010-12-26 00:00:00',N'Male'),
    (N'LQI3268',N'Drusy Skews',N'1973-10-15 00:00:00',N'Female'),
    (N'LFV3925',N'Efrem Kippax',N'1973-05-05 00:00:00',N'Male'),
    (N'WHU5837',N'Barney Massenhove',N'1987-07-26 00:00:00',N'Male'),
    (N'ABR7945',N'Chas McGrah',N'1986-09-03 00:00:00',N'Male'),
    (N'PLL2090',N'Morganne Baynom',N'1950-07-26 00:00:00',N'Female'),
    (N'MFO6152',N'Graeme Fenemore',N'06/07/1756',N'Male'),
    (N'SYK7786',N'Silas Lipgens',N'1961-11-19 00:00:00',N'Male'),
    (N'TWT8902',N'Bonny Tremmil',N'1974-01-08 00:00:00',N'Female'),
    (N'WHL2345',N'Ardelia Parmiter',N'1970-05-15 00:00:00',N'Female'),
    (N'WSU4675',N'Cirillo Tuckwell',N'1969-12-24 00:00:00',N'Male'),
    (N'OBR6693',N'Emyle Sokale',N'1979-08-24 00:00:00',N'Female'),
    (N'DPB3234',N'Daryl Eastham',N'1978-01-26 00:00:00',N'Male'),
    (N'YSN6005',N'Clovis Espadate',N'1987-01-07 00:00:00',N'Female'),
    (N'FDM8849',N'Rebekkah Venes',N'2011-07-30 00:00:00',N'Female'),
    (N'FQI2958',N'Wilone Tofanelli',N'2006-05-24 00:00:00',N'Female'),
    (N'AFC3291',N'Hetti Joskowitz',N'1989-05-14 00:00:00',N'Female'),
    (N'OJC2233',N'Blinnie Olivari',N'1969-10-05 00:00:00',N'Female'),
    (N'NPF7673',N'Rufe Cardenoza',N'2004-10-17 00:00:00',N'Other'),
    (N'ISJ1177',N'Rad MacKaig',N'1948-07-24 00:00:00',N'Male'),
    (N'GDR6737',N'Starlene Letertre',N'2005-07-18 00:00:00',N'Female'),
    (N'STU8856',N'Aurelea Cradoc',N'1963-07-17 00:00:00',N'Female'),
    (N'GKY3212',N'Delila Ladbrooke',N'2006-08-19 00:00:00',N'Female'),
    (N'CLZ1078',N'Arabelle Bourbon',N'1969-06-28 00:00:00',N'Female'),
    (N'PZD7227',N'Shellysheldon Digges',N'1975-10-08 00:00:00',N'Male'),
    (N'CCB6831',N'Gilbert Pattillo',N'1981-08-05 00:00:00',N'Male'),
    (N'IXF4149',N'Adena Elliott',N'1952-08-17 00:00:00',N'Female'),
    (N'NIV5772',N'Horatia Panton',N'1992-04-17 00:00:00',N'Female');


CREATE TABLE Department (
    DepartmentNo INT PRIMARY KEY NOT NULL,
    Department VARCHAR(25) NOT NULL
);

SELECT * FROM Department

INSERT INTO Department VALUES
    (1,N'General Surgery'),
    (2,N'Cardiothoracic '),
    (3,N'Plastics '),
    (4,N'Orthopaedics '),
    (5,N'Paediatric Surgery');



CREATE TABLE Surgeon (
    SurgeonNo INT PRIMARY KEY NOT NULL,
    DepartmentNo INT NOT NULL,
    Surgeon VARCHAR(25) NOT NULL
);

SELECT * FROM Surgeon

INSERT INTO Surgeon VALUES
    (1,1,N'Simon Frampton'),
    (2,2,N'Peri Duffy'),
    (3,2,N'Steve Renison'),
    (4,3,N'Richard Cain'),
    (5,3,N'Philip Mitchell'),
    (6,4,N'Evelyn Rae'),
    (7,3,N'Greta McLean'),
    (8,5,N'Nabaz Sayeed'),
    (9,1,N'John Martin'),
    (10,5,N'Michael Lewis'),
    (11,1,N'Karen Reid'),
    (12,4,N'Lindsay Nelson'),
    (13,2,N'Andy La Salle'),
    (14,5,N'Andrew Hood'),
    (15,4,N'Robert Patrick');



CREATE TABLE Waitlist (
    NHI NVARCHAR(10) FOREIGN KEY REFERENCES Patient(NHI),
    FSADate DATE,
    AddedWaitlistDate DATE
);

DROP TABLE Waitlist

SELECT * FROM Waitlist

INSERT INTO Waitlist VALUES
    (N'QDX4955','2015-08-24 00:00:00','2015-07-03 00:00:00'),
    (N'ECP7715','2015-09-30 00:00:00','2015-07-03 00:00:00'),
    (N'ZIK8925','2015-07-24 00:00:00','2015-07-06 00:00:00'),
    (N'LTS6784','2015-09-26 00:00:00','2015-07-13 00:00:00'),
    (N'HGM6173','2015-10-03 00:00:00','2015-07-16 00:00:00'),
    (N'CEV6132','2016-02-12 00:00:00','2015-07-23 00:00:00'),
    (N'PGJ7161','2015-08-04 00:00:00','2015-08-04 00:00:00'),
    (N'NKX8076','2015-08-23 00:00:00','2015-08-15 00:00:00'),
    (N'MXC8908','2015-10-19 00:00:00','2015-08-18 00:00:00'),
    (N'NTQ8299','2015-09-08 00:00:00','2015-08-20 00:00:00'),
    (N'QNE4372','2015-10-21 00:00:00','2015-09-01 00:00:00'),
    (N'GIR5104','2015-09-29 00:00:00','2015-09-04 00:00:00'),
    (N'XKD2272','2015-10-12 00:00:00','2015-09-04 00:00:00'),
    (N'DVX6602','2015-10-14 00:00:00','2015-09-05 00:00:00'),
    (N'JIB5920','2015-12-05 00:00:00','2015-09-05 00:00:00'),
    (N'YCX9278','2015-11-05 00:00:00','2015-09-08 00:00:00'),
    (N'LMV5416','2015-11-14 00:00:00','2015-09-09 00:00:00'),
    (N'YBB1095','2015-12-03 00:00:00','2015-09-27 00:00:00'),
    (N'TBC7855','2015-10-09 00:00:00','2015-10-04 00:00:00'),
    (N'SXL9274','2015-12-31 00:00:00','2015-10-06 00:00:00'),
    (N'AUX6004','2015-12-20 00:00:00','2015-10-17 00:00:00'),
    (N'SEO7156','2015-10-26 00:00:00','2015-10-18 00:00:00'),
    (N'XUA5670','2015-12-05 00:00:00','2015-10-25 00:00:00'),
    (N'GMC9989','2016-10-16 00:00:00','2015-10-25 00:00:00'),
    (N'SHN9256','2016-01-03 00:00:00','2015-11-08 00:00:00'),
    (N'XSI7349','2016-02-08 00:00:00','2015-11-11 00:00:00'),
    (N'NHK9888','2016-01-06 00:00:00','2015-11-12 00:00:00'),
    (N'NCR0550','2015-12-12 00:00:00','2015-11-15 00:00:00'),
    (N'CNF6489','2016-01-20 00:00:00','2015-11-18 00:00:00'),
    (N'MSC5721','2015-12-31 00:00:00','2015-11-20 00:00:00'),
    (N'VWH6907','2016-02-21 00:00:00','2015-11-28 00:00:00'),
    (N'GOZ3094','2016-01-18 00:00:00','2015-12-03 00:00:00'),
    (N'CMZ6415',NULL,'2015-12-06 00:00:00'),
    (N'TNH6480','2016-02-25 00:00:00','2015-12-07 00:00:00'),
    (N'QIJ3412','2016-02-18 00:00:00','2015-12-08 00:00:00'),
    (N'BAK4481','2016-01-11 00:00:00','2015-12-31 00:00:00'),
    (N'CBD3031','2016-02-09 00:00:00','2016-01-02 00:00:00'),
    (N'BBB5629','2016-02-02 00:00:00','2016-01-03 00:00:00'),
    (N'SYK7786','2016-02-11 00:00:00','2016-01-03 00:00:00'),
    (N'ODR2838','2016-02-27 00:00:00','2016-01-06 00:00:00'),
    (N'KDD9523','2016-02-29 00:00:00','2016-01-08 00:00:00'),
    (N'ASD4088',NULL,'2016-01-14 00:00:00'),
    (N'GIQ8970','2016-03-23 00:00:00','2016-01-23 00:00:00'),
    (N'GEK5713','2016-03-05 00:00:00','2016-01-27 00:00:00'),
    (N'TGS0798','2016-03-09 00:00:00','2016-02-03 00:00:00'),
    (N'CYC0720','2016-03-22 00:00:00','2016-02-04 00:00:00'),
    (N'SMH8891','2016-03-16 00:00:00','2016-02-07 00:00:00'),
    (N'FBG1062','2016-02-10 00:00:00','2016-02-08 00:00:00'),
    (N'XKX1957','2016-09-06 00:00:00','2016-02-15 00:00:00'),
    (N'AFH7245','2016-04-25 00:00:00','2016-02-21 00:00:00'),
    (N'TXP4069','2016-03-16 00:00:00','2016-02-24 00:00:00'),
    (N'MRL3058','2016-05-16 00:00:00','2016-02-24 00:00:00'),
    (N'FVL8648','2016-05-07 00:00:00','2016-02-25 00:00:00'),
    (N'GKY3212','2016-09-03 00:00:00','2016-02-27 00:00:00'),
    (N'ETV6899','2016-03-28 00:00:00','2016-03-08 00:00:00'),
    (N'XKD2272','2016-05-29 00:00:00','2016-03-09 00:00:00'),
    (N'VFY9388','2016-05-08 00:00:00','2016-03-11 00:00:00'),
    (N'JBK3991','2016-03-21 00:00:00','2016-03-21 00:00:00'),
    (N'ZYF6173','2016-05-16 00:00:00','2016-03-21 00:00:00'),
    (N'VSV3481','2016-04-12 00:00:00','2016-03-28 00:00:00'),
    (N'MHR6896','2016-04-16 00:00:00','2016-03-28 00:00:00'),
    (N'YDV0095','2016-05-12 00:00:00','2016-03-29 00:00:00'),
    (N'BDF4913','2016-05-18 00:00:00','2016-03-30 00:00:00'),
    (N'IWU6403','2016-05-15 00:00:00','2016-04-01 00:00:00'),
    (N'BVF7686','2016-06-02 00:00:00','2016-04-05 00:00:00'),
    (N'RIQ9260','2016-06-10 00:00:00','2016-04-09 00:00:00'),
    (N'MMH2864','2016-07-08 00:00:00','2016-04-15 00:00:00'),
    (N'RWT4192','2016-04-26 00:00:00','2016-04-18 00:00:00'),
    (N'CYZ8554','2016-06-30 00:00:00','2016-04-19 00:00:00'),
    (N'YBS8538','2016-05-09 00:00:00','2016-04-20 00:00:00'),
    (N'VZQ5362','2016-06-14 00:00:00','2016-04-20 00:00:00'),
    (N'CST7448','2016-07-01 00:00:00','2016-04-20 00:00:00'),
    (N'NWM8466','2016-07-17 00:00:00','2016-04-22 00:00:00'),
    (N'LQI3268',NULL,'2016-04-25 00:00:00'),
    (N'LFV3925','2016-06-14 00:00:00','2016-04-27 00:00:00'),
    (N'WHU5837','2016-07-08 00:00:00','2016-04-29 00:00:00'),
    (N'ABR7945','2016-06-04 00:00:00','2016-05-04 00:00:00'),
    (N'PLL2090','2016-06-24 00:00:00','2016-05-05 00:00:00'),
    (N'MFO6152','2016-06-18 00:00:00','2016-05-16 00:00:00'),
    (N'SYK7786','2016-08-24 00:00:00','2016-05-24 00:00:00'),
    (N'TWT8902','2016-07-12 00:00:00','2016-05-27 00:00:00'),
    (N'WHL2345','2016-06-09 00:00:00','2016-06-07 00:00:00'),
    (N'WSU4675',NULL,'2016-06-17 00:00:00'),
    (N'OBR6693','2016-08-26 00:00:00','2016-06-17 00:00:00'),
    (N'DPB3234','2016-07-23 00:00:00','2016-06-20 00:00:00'),
    (N'YSN6005','2016-09-02 00:00:00','2016-06-22 00:00:00'),
    (N'FDM8849','2016-09-02 00:00:00','2016-06-23 00:00:00'),
    (N'FQI2958','2016-07-17 00:00:00','2016-06-24 00:00:00'),
    (N'AFC3291','2016-07-16 00:00:00','2016-06-27 00:00:00'),
    (N'OJC2233','2016-09-22 00:00:00','2016-07-07 00:00:00'),
    (N'NPF7673',NULL,'2016-07-17 00:00:00'),
    (N'ISJ1177','2016-09-02 00:00:00','2016-07-17 00:00:00'),
    (N'GDR6737','2016-10-17 00:00:00','2016-07-20 00:00:00'),
    (N'STU8856','2016-07-23 00:00:00','2016-07-23 00:00:00'),
    (N'GKY3212','2016-10-16 00:00:00','2016-07-24 00:00:00'),
    (N'CLZ1078','2016-09-23 00:00:00','2016-07-26 00:00:00'),
    (N'PZD7227',NULL,'2016-07-27 00:00:00'),
    (N'CCB6831','2016-08-24 00:00:00','2016-08-10 00:00:00'),
    (N'IXF4149','2016-09-23 00:00:00','2016-08-12 00:00:00'),
    (N'NIV5772','2016-10-02 00:00:00','2016-08-13 00:00:00');


